,title,image,url,area,total_price,num_rooms,Miete,Nebenkosten,Sonstige Kosten,Kaution,Ablösevereinbarung,address,from_date,online_since,facts,Wohnung,Lage,Sonstiges,to_date,Miete pro Tag
0,F53 WE16 Möblierte 2-Zimmer-Wohnung mit Balkon,https://img.wg-gesucht.de/media/up/2019/18/fdd740e02e78d7bfb54fed91cb34dd9b6c389232ce0cccff703a040c63b8c774_ee080615_02.sized.jpg,https://www.wg-gesucht.de/wohnungen-in-Berlin-Friedrichshain.7236159.html,67.0,1090.0,2.0,1090.0,0.0,0.0,2180.0,0.0,"Frankfurter Allee 53, 10247 Berlin Friedrichshain",06.06.2020,1 Stunde,"['Ab dem 1. Mai 2014 ist die neue Energieeinsparverordnung (EnEV 2014) rechtswirksam. Immobilieninserate müssen seitdem zusätzliche Angaben zu energetischen Eigenschaften enthalten. Liegt noch kein Energieausweis vor, entfällt die Pflicht. Für denkmalgeschützte Häuser und Gebäude mit weniger als 50 Quadratmetern Nutzfläche ist kein Energieausweis nötig.', 'Verbrauchsausweis, V: 128kW h/(m&sup2a), Gas, Baujahr 1900, Energieeffizienzklasse D', 'sanierter Altbau', '2. OG', 'möbliert', 'Eigene Küche', 'Eigenes Bad, Badewanne', 'Dielen, Fliesen', 'Zentralheizung', '1 Minute zu Fuß entfernt', 'Waschmaschine, Balkon']","Die Wohnung liegt im 2. OG des Vorderhauses. Es gibt ein Wohnzimmer mit gemütlicher Sitzecke, Essbereich und Zugang zum Balkon. Ein  Schlafzimmer mit Doppelbett und Kleiderschrank. Eine Küche mit Einbauschränken. Und ein Tageslicht-Bad mit Badewanne. Die Wohnung befindet sich in einem Altbau und bietet demnach die typischen hohen Wände und Dielenböden. 
 
The apartment is located on the second floor in the front building. The living room has a lounge and dining area and access to the balcony. The bedroom is furnished with double bed and wardrobe. The separated kitchen has fitted cupboards. The daylight bathroom has a tub. The apartment is in a historical house with typical high ceilings and wooden floors.","Das Objekt liegt in der Frankfurter Allee im Herzen von Berlin-Friedrichshain. Sie gehen 1 Min bis zum nächsten Supermarkt; 1 Minute zur U-Bahn Haltestelle Samariterstraße; 5 Min zum nächsten Einkaufscenter; 10 Min zum beliebten Boxhagener Platz und zur Simon-Dach-Straße (Restaurants, Bars, Cafés). Mit der U-Bahn sind Sie in 5 Min am Alexanderplatz.  
 
The building is centrally located in Frankfurter Allee in the heart of Friedrichshain neighborhood. Only one minute walk to the next supermarket. 1 minute walk to subway station Samariterstraße. 5 minutes to shopping centre. 10 minutes to popular Boxhagener Platz and Simon-Dach-Straße (restaurants, bars, cafes). You can go to Alexanderplatz by subway Train in About 5 minutes.","- In der Miete sind enthalten: alle Betriebs- und Heizkosten, Strom, Gas und Internet - Mindestmietdauer: 6 Monate - Maximale Mietdauer: 12 Monate - Rauchen: Nicht erlaubt - Haustiere: Nicht erlaubt 
 
Aufgrund der aktuellen Situation besichtigen Sie die Wohnung bitte zunächst online: https://youtu.be/rQWOGiUIirg 
 
Die Wohnung muss vor einer Bewerbung zunächst besichtigt werden. Der nächste Besichtigungstermin ist am 06.06.2020 um 11:30 Uhr. Eine Kollegin wird Sie direkt vor dem Hauseingang treffen. Falls es Änderungen gibt, werden diese hier veröffentlicht.  
 
Wenn Sie sich bewerben möchten, senden Sie uns bitte im Anschluss an die Besichtigung per Email folgende Bewerbungsunterlagen: Bewerbungsformular (erhalten Sie bei der Besichtigung), Ausweis und Einkommensnachweis. 
 - The rent includes: all running costs, heating, electricity, gas and internet - Minimum lease term: 6 months - Maximum lease term: 12 months - Smoking: not allowed - Pets: not allowed 
 
Due to the current situation please view the apartment online first: https://youtu.be/rQWOGiUIirg 
 
The apartment must be viewed before applying. The next viewing appointment is on 6th June 2020 at 11:30h. A colleague will meet you in front of the building. In case there are any changes, they will be published here. 
 
If you would like to apply for the apartment, please send us after the viewing by email the following application documents: application form (handed out during viewing), passport and proof of income.",,
1,F53 WE13 Möblierte 2-Zimmer-Wohnung in Friedrichshain,https://img.wg-gesucht.de/media/up/2020/21/cf81fa79d92a32863549a500e2ef35b6c9835401eed7c9c2277d0e4bab7fca5e_1060.013___01_Living_Room.sized.jpg,https://www.wg-gesucht.de/wohnungen-in-Berlin-Friedrichshain.7879834.html,65.0,1090.0,2.0,1090.0,0.0,0.0,2180.0,0.0,"Frankfurter Allee 53, 10247 Berlin Friedrichshain",06.06.2020,1 Stunde,"['Ab dem 1. Mai 2014 ist die neue Energieeinsparverordnung (EnEV 2014) rechtswirksam. Immobilieninserate müssen seitdem zusätzliche Angaben zu energetischen Eigenschaften enthalten. Liegt noch kein Energieausweis vor, entfällt die Pflicht. Für denkmalgeschützte Häuser und Gebäude mit weniger als 50 Quadratmetern Nutzfläche ist kein Energieausweis nötig.', 'Verbrauchsausweis, V: 128kW h/(m&sup2a), Gas, Baujahr 1900, Energieeffizienzklasse D', 'sanierter Altbau', '1. OG', 'möbliert', 'Eigene Küche', 'Badewanne', 'Dielen, Fliesen', '1 Minute zu Fuß entfernt', 'Waschmaschine, Balkon']","Die Wohnung liegt im 1. OG des Vorderhauses. Es gibt ein Wohnzimmer mit gemütlicher Sitzecke, Essbereich und Balkon. Ein Schlafzimmer mit Doppelbett und Kleiderschrank. Eine Küche mit Einbauschränken. Ein Tageslicht-Bad mit Badewanne. Im Flur gibt es zusätzlichen Stauraum. Die Wohnung befindet sich in einem Altbau und bietet demnach die typischen hohen Wände und Dielenböden. 
 
The apartment is located on the first floor of the front building. The living room has a lounge area, dining area and a balcony. The bedroom is furnished with double bed and wardrobe.  The separate kitchen has fitted cupboards. The daylight-bathroom has a tub. In the hallway there is some additional storage space. As the apartment is in an historical house, it has the typical high ceilings and wooden floors.","Das Objekt liegt in der Frankfurter Allee im Herzen von Berlin-Friedrichshain. Sie gehen 1 Min bis zum nächsten Supermarkt; 1 Minute zur U-Bahn Haltestelle Samariterstr.; 5 Min zum nächsten Einkaufscenter; 10 Min zum beliebten Boxhagener Platz und zur Simon-Dach-Straße (Restaurants, Bars, Cafés). Mit der U-Bahn sind Sie in 10 Min am Alexanderplatz.  
 
The property is situated on Frankfurter Allee in the heart of Friedrichshain. 1 min walk to supermarket. 1 minute walk to subway train station Samariterstraße. 5 minute walk to shopping center. 10 minute walk to Simon-Dach-Straße (restaurants, bars, cafes). 10 minute subway train ride to Alexanderplatz.","- In der Miete sind enthalten: alle Betriebs- und Heizkosten, Strom, Gas und Internet - Mindestmietdauer: 6 Monate - Maximale Mietdauer: 12 Monate - Rauchen: Nicht erlaubt - Haustiere: Nicht erlaubt 
 
Aufgrund der aktuellen Situation besichtigen Sie die Wohnung bitte zunächst online: https://youtu.be/aV8tiZqRw2U 
 
Die Wohnung muss vor einer Bewerbung zunächst besichtigt werden. Der nächste Besichtigungstermin ist am 06.06.2020 um 11:30 Uhr. Eine Kollegin wird Sie direkt vor dem Hauseingang treffen. Falls es Änderungen gibt, werden diese hier veröffentlicht.  
 
Wenn Sie sich bewerben möchten, senden Sie uns bitte im Anschluss an die Besichtigung per Email folgende Bewerbungsunterlagen: Bewerbungsformular (erhalten Sie bei der Besichtigung), Ausweis und Einkommensnachweis. 
 - The rent includes: all running costs, heating, electricity, gas and internet - Minimum lease term: 6 months - Maximum lease term: 12 months - Smoking: not allowed - Pets: not allowed 
 
Due to the current situation please view the apartment online first: https://youtu.be/aV8tiZqRw2U 
 
The apartment must be viewed before applying. The next viewing appointment is on 6th June 2020 at 11:30h. A colleague will meet you in front of the building. In case there are any changes, they will be published here. 
 
If you would like to apply for the apartment, please send us after the viewing by email the following application documents: application form (handed out during viewing), passport and proof of income.",,
2,"1 bedroom flat with balcony, great location in Neukölln",https://img.wg-gesucht.de/media/up/2019/49/b6201393cf377d5eb0243e62aaf022bba0ff2e0743e8f2cae4b5b4800897e9a4_IMG_20191210_101427.sized.jpg,https://www.wg-gesucht.de/wohnungen-in-Berlin-Neukoelln.7732840.html,43.0,1130.0,1.0,780.0,120.0,230.0,2260.0,,"Hermannstrasse, 12049 Berlin Neukölln",08.06.2020,1 Stunde,"['Ab dem 1. Mai 2014 ist die neue Energieeinsparverordnung (EnEV 2014) rechtswirksam. Immobilieninserate müssen seitdem zusätzliche Angaben zu energetischen Eigenschaften enthalten. Liegt noch kein Energieausweis vor, entfällt die Pflicht. Für denkmalgeschützte Häuser und Gebäude mit weniger als 50 Quadratmetern Nutzfläche ist kein Energieausweis nötig.', 'Gas', 'sanierter Altbau', '2. OG', 'möbliert', 'Dusche', 'Dielen', 'Bewohnerparken', '3 Minuten zu Fuß entfernt', 'Waschmaschine, Balkon']","One renovated bedroom flat with a small balcony facing the inner courtyard, bathroom and a fully equipped kitchen.  
43 sqm , located on the second floor (no lift)  of the inner building, ideal for a single or a couple. 
 
A spacious room : double bed (160x200) , night tables with reading lamps,  large wardrobe,  desk with  chair, sitting area with sofa (sofa-bed) coffee table and a carpet. 
Double layered curtains (blackout) to enable total darkening of the room. 
Blankets, pillows, bed linen and towels are available. 
Fully equipped kitchen with complete kitchenware, electric stove, oven, family size fridge,  microwave,  kettle and toaster. There is also a vacuum cleaner, iron, iron board, and cleaning tools. 
 
There is a small balcony but enough for 2 people to enjoy the quiet inner court of the building.  
 
Bathroom: washing machine, shower cabin. 
 
There is wifi in the whole apartment (cable).","The flat is located in a very convenient place in Schillerkiez on Hermannstrasse, close the Leinestrasse U-Bahn station. (U8). One stop ride to Hermanstrasse U8, U7 and the ring Bahn S41, 42 (circle line). 
Rathaus Neukölln with its shopping mall Arcaden is a 15 minuets walk. 
 
There is an Aldi and Lidl very close by and lots of other groceries like Bolu and Edeka.","The price is €1130  per month including water, heating, electricity and internet. Minimum stay is 6 months and Anmeldung (registration) is possible. 
 
Required documents: passports or IDs, work contract or copy of registration for studies, or any other proof of income. 
 
The apartment is great for one person or a couple - there is everything you need there and the price includes all bills (water, heating, electricity and internet).",31.05.2021,
3,Möblierte Apartments für den direkten Einzug,https://img.wg-gesucht.de/media/up/2020/16/599baf0ad75b061f6ce9f12ce06054293301832c4fb5d0e12dd284af756d665e_garden_studios_premium_apartment_3.sized.jpg,https://www.wg-gesucht.de/wohnungen-in-Berlin-Schmargendorf.7952961.html,30.0,730.0,1.0,730.0,n.a.,n.a.,730.0,,"Breite Straße 42, 42A, 42B, 14199 Berlin Schmargendorf",31.05.2020,1 Stunde,"['möbliert', 'Badewanne, Dusche', 'gute Parkmöglichkeiten', '2 Minuten zu Fuß entfernt', 'Waschmaschine, Balkon, Aufzug']","Du suchst ein Apartment in Berlin für mindestens 6 Monate? 
 
Garden Studios bietet nicht nur helle und großzügig geschnittene Apartments, sondern schafft jungen Leuten ein gemütliches Zuhause in ruhiger, zentraler Lage in Berlin. 
 
Unsere Classic Plus Apartments im Garden Studios - Apartmenthaus sind geräumig und ca. 30 Quadratmeter groß. Sie sind mit modernen Möbeln eingerichtet, die Ausstattung besteht aus einem komfortablen Bett, einem eigenen Bad mit Badewanne und Dusche, einem Arbeitsplatz mit Schreibtisch und Schreibtischstuhl, einem großen Einbauschrank und  einer großen Kochnische mit Backofen. Und ein weiteres Highlight: Du genießt den Komfort eines eigenen Balkons,  ganz für dich allein.  
 
Besichtige unser Classic Plus Apartment in 360° virtuell: 
https://my.matterport.com/show/?m=rWCafs2TVrU","Nur 30 Gehminuten zum Campus Dahlem der Freien Universität und 20 Busminuten zur Hochschule für Wirtschaft und Recht entfernt, ist Nido der ideale Ort zum Leben während des Studiums. Das Apartmenthaus ist gut an die öffentlichen Verkehrsmittel angebunden. Die S- und U-Bahnhaltestelle Heidelberger Platz erreichst du in weniger als 4 Minuten. Zusätzlich halten mehrere Buslinien direkt am Haus. Innenstadt und Hauptbahnhof erreichst du in ca. 20-30 Minuten.","Wir freuen uns auf deine Anfrage! Es handelt sich um einen Warmmietpreis, in dem die Kosten für Strom, Wasser und Internet inklusive sind. Du kannst 6 Monate oder 1 Jahr buchen und optional im Anschluss verlängern. 
 
Die hier angegebenen Preise und Ausstattungen variieren. 
Die auf Bildern zu sehende Dekoration wird nicht mit vermietet. 
 
Aktuell haben wir noch Apartments! 
Schau dir unsere Apartments gerne über unsere Website an und tätige eine direkte Buchung, um dir das Zimmer zu sichern: https://www.nidostudent.de/standort/garden-studios/ 
 
Bei allen Fragen zur Buchung oder weiteren Details zum Haus, bitte direkt bei unserem Team vor Ort melden: 
 
Luke Port 
 
         
+49 (0) (siehe unten) 
 
Wichtiger Hinweis: Es handelt sich bei uns um Single Apartments, welche nicht für Familien geignet sind. Zur Reservierung benötigst du eine Arbeitsnachweis, Azubi-Nachweis oder eine Immatrikulationsbescheinigung.",,
4,Wohnung zu vermieten,https://img.wg-gesucht.de/media/up/2020/21/896083327628dfebd4698cd740f433295d7e34386b9262eb7e07dec5434245ed_DSC00372.sized.JPG,https://www.wg-gesucht.de/wohnungen-in-Berlin-Friedrichshain-Kreuzberg.8023061.html,60.0,780.0,2.0,700.0,80.0,n.a.,780.0,,"Großbeerenstr., 10965 Berlin Friedrichshain-Kreuzberg",18.06.2020,1 Stunde,"['Altbau', '2. OG', 'möbliert', 'Nicht vorhanden', 'Badewanne', 'Kabel', 'Parkett', 'Zentralheizung', 'gute Parkmöglichkeiten', 'Waschmaschine, Fahrradkeller']","Die Wohnung liegt in einer sehr günstigen Verkehrslage. U-Bahn Mehringdamm / Bus 140 und M19.  
Der wunderbare Vikoriapark ist 5 Minuten zu fuß erreichbar. Einkaufstmöglichkeiten fast dirkt vor der Tür. Gute Nachbarschaften.  
DIE WOHNUNG IST NUR AN EINE PERSON ZU VERMIETEN!!",,,30.09.2020,
5,Wohnung 2 Zimmer,https://img.wg-gesucht.de/media/up/2020/21/665574b9c447babfebb450349f0a87254edc83bf0b69b958c69829ec53f72b03_15909225938838298284025866001605.sized.jpg,https://www.wg-gesucht.de/wohnungen-in-Berlin-Ost.8022888.html,46.0,875.0,2.0,875.0,0.0,0.0,0.0,0.0,"Seddinerstr. 12, 10315 Berlin Ost",01.06.2020,1 Stunde,"['Barrierefrei', 'Neubau', '3. OG', 'möbliert', 'Badewanne, Dusche', 'gute Parkmöglichkeiten', '5 Minuten zu Fuß entfernt', 'Waschmaschine, Balkon, Keller, Fahrradkeller, Aufzug']","Hallo,ich vermiete meine möblierte Wohnung für 2 bis 3 Monate, je nach Absprache. Eine Besichtigung ist jederzeit möglich.",,,31.07.2020,
6,Schöne helle Altbau-Whg in ruhiger Straße,https://img.wg-gesucht.de/media/up/2020/07/bfdc9ab3ab98188fcb684d5787d6caf16175d22e2f744920c60085eaaa5fa000_Flur.sized.jpg,https://www.wg-gesucht.de/wohnungen-in-Berlin-Wedding.7861814.html,65.0,1000.0,2.0,670.0,330.0,0.0,1340.0,,"Liebenwalder Straße 42, 13347 Berlin Wedding",14.06.2020,1 Stunde,"['sanierter Altbau', '4. OG', 'möbliert', 'Eigene Küche', 'Dusche', 'Laminat, Fliesen', 'Zentralheizung', 'gute Parkmöglichkeiten', '5 Minuten zu Fuß entfernt', 'Waschmaschine, Spülmaschine, Balkon']","Wir ziehen für zwei Monate aus und würden uns über nette Zwischenmieter sehr freuen. Die Wohnung ist frisch renoviert. Die Möbel bleiben alle drin. Dazu ein E-Piano. Im Frühling und Sommer ist die Lage ein Traum. Die Straße ist sehr ruhig, sodass Tag und Nacht die Fenster offen bleiben können. In der Küche zum Innenhof sieht man aus dem bodentiefen Fenster eine große Kastanie.","Die Wohnung liegt im Dreieck zwischen der U-Bahn Seestraße (U6), dem Nauener Platz (U9) und der Straßenbahn-Haltestelle Osram Höfe. In jede Richtung sind es max 5. Minuten. Mit dem Fahrrad sind es 15-20 Minuten zum Hauptbahnhof. Durch die Nähe zur Müllerstraße und Seestraße kommt man auch schnell mit dem Auto weg.  
 
Der ruhige Kiez hat viele kleine Cafés und gute Restaurants.","Schreibt uns an und wir vereinbaren einen Besichtigungstermin. Dann könnt Ihr uns und die Wohnung kennenlernen. 
Entweder abends an Wochentagen oder am Wochenende! 
 
Keylan und Klemens",31.08.2020,
7,R116 WE30 Möblierte 3-Zimmer-Wohnung in der Reichenberger Straße,https://img.wg-gesucht.de/media/up/2019/43/41dfefa0d06e2506644a34f3dcd0fdc15c07e50520b4bb869f7b0a5d22a645c8_3020.030___01_Living_Room_with_Kitchen.sized.jpg,https://www.wg-gesucht.de/wohnungen-in-Berlin-Kreuzberg.7597158.html,81.0,1290.0,3.0,1290.0,0.0,0.0,2580.0,0.0,"Reichenberger Straße 116, 10999 Berlin Kreuzberg",09.06.2020,1 Stunde,"['Ab dem 1. Mai 2014 ist die neue Energieeinsparverordnung (EnEV 2014) rechtswirksam. Immobilieninserate müssen seitdem zusätzliche Angaben zu energetischen Eigenschaften enthalten. Liegt noch kein Energieausweis vor, entfällt die Pflicht. Für denkmalgeschützte Häuser und Gebäude mit weniger als 50 Quadratmetern Nutzfläche ist kein Energieausweis nötig.', 'Verbrauchsausweis, V: 127kW h/(m&sup2a), Öl, Baujahr 1900, Energieeffizienzklasse D', 'WG geeignet', 'sanierter Altbau', '4. OG', 'möbliert', 'Eigene Küche', 'Badewanne', 'Laminat, Dielen, Fliesen', '5 Minuten zu Fuß entfernt', 'Waschmaschine, Balkon, Aufzug']","Die helle Wohnung liegt in der 4. Etage, das Gebäude verfügt über einen Aufzug. Die Wohnung besteht aus 2 Schlafzimmern, einem großen Wohnzimmer mit amerikanischer Küche und Balkon,  Badezimmer mit Badewanne, Flur und Abstellraum. Im Keller gibt es Waschmaschinen für die Mieter des Hauses. 
 
The bright apartment is located on the fourth floor, there is an elevator in the building. The apartment comprises 2 bedrooms, a large living room with American style kitchen and balcony, bathroom with tub,  hallway and storage room. There's a laundry room in the basement.","Dieses Objekt liegt in der Reichenberger Straße im beliebten Berlin-Kreuzberg. In der Gegend gibt es viele Kultur- und Freizeitangebote. Zudem profitieren Sie von den vielfältigen Einkaufsmöglichkeiten und gastronomischen Angeboten in Kreuzberg und Mitte. Die nächste Bushaltestelle (Linie M29) erreichen Sie in 2 Minuten. Die nächsten U-Bahn Stationen sind Schönleinstraße (Linie U8) und Görlitzer Bahnhof (Linie U1). 
 
This property is situated on Reichenberger Straße in popular Berlin-Kreuzberg. There are many cultural and recreational facitilites within the immediate vicinity. The property benefits from the extensive shopping and dining possibilities in both Kreuzberg and Mitte. The nearest bus stop (M29 line) is 2 minutes walk. The nearest underground stations are Schönleinstraßße (U8 line) and Görlitzer Bahnhof (U1 line).","- In der Miete sind enthalten: alle Betriebs- und Heizkosten, Strom, Gas und Internet - Mindestmietdauer: 6 Monate - Maximale Mietdauer: 12 Monate - Rauchen: Nicht erlaubt - Haustiere: Nicht erlaubt 
 
Aufgrund der aktuellen Situation besichtigen Sie die Wohnung bitte zunächst online: https://youtu.be/lKI6Acsq5S8 
 
Die Wohnung muss vor einer Bewerbung zunächst besichtigt werden. Der nächste Besichtigungstermin ist am 09.06.2020 um 14:30 Uhr.  Eine Kollegin wird Sie direkt vor dem Hauseingang treffen. Falls es Änderungen gibt, werden diese hier veröffentlicht.  
 
Wenn Sie sich bewerben möchten, senden Sie uns bitte im Anschluss an die Besichtigung per Email folgende Bewerbungsunterlagen: Bewerbungsformular (erhalten Sie bei der Besichtigung), Ausweis und Einkommensnachweis. 
 - The rent includes: all running costs, heating, electricity, gas and internet - Minimum lease term: 6 months - Maximum lease term: 12 months - Smoking: not allowed - Pets: not allowed 
 
Due to the current situation please view the apartment online first: https://youtu.be/lKI6Acsq5S8 
 
The apartment must be viewed before applying. The next viewing appointment is on 9th June 2020 at 14:30h. A colleague will meet you in front of the building. In case there are any changes, they will be published here. 
 
If you would like to apply for the apartment, please send us after the viewing by email the following application documents: application form (handed out during viewing), passport and proof of income.",,
8,Wohnen im wunderschönen Berlin Zehlendorf,https://img.wg-gesucht.de/media/up/2020/21/060dc83dea648089aa02e9a8f5714ad4490ff9949d313d30a4df684452e04d04_159091782390390377880.sized.JPEG,https://www.wg-gesucht.de/wohnungen-in-Berlin-Zehlendorf.8022926.html,80.0,800.0,2.0,700.0,100.0,n.a.,2100.0,,"Oertzenweg, 14163 Berlin Zehlendorf",01.07.2020,3 Stunden,"['WG geeignet', 'Altbau', '1. OG', 'Eigene Küche', 'Laminat', 'gute Parkmöglichkeiten', 'Garten']","Ich suche einen Nachmieter für meine 80qm Dachgeschosswohnung in Zehlendorf. 
Die Wohnung hat 2 Zimmer, eine Einbauküche ( im Mietpreis enthalten ) und eine Badewanne. 
Garten kann ggf. mitbenutzt werden.",,,,
9,"2 Zimmer-Apartm. Nähe Hbf, möbliert, W-Lan, Waschm., Geschirrsp.,TV /  -Temporary living mit WiFi ...",https://img.wg-gesucht.de/media/up/2020/09/ec950125af12ef15716bcec9afeb60441b8674a958405eec0102c1b13241c5de_Zimmer_7.sized.jpg,https://www.wg-gesucht.de/wohnungen-in-Berlin-Tiergarten-Moabit.7886604.html,75.0,1399.0,2.0,1399.0,0.0,0.0,1000.0,0.0,"Feldzeugmeisterstr., 10557 Berlin Tiergarten-Moabit",15.06.2020,1 Stunde,"['Ab dem 1. Mai 2014 ist die neue Energieeinsparverordnung (EnEV 2014) rechtswirksam. Immobilieninserate müssen seitdem zusätzliche Angaben zu energetischen Eigenschaften enthalten. Liegt noch kein Energieausweis vor, entfällt die Pflicht. Für denkmalgeschützte Häuser und Gebäude mit weniger als 50 Quadratmetern Nutzfläche ist kein Energieausweis nötig.', 'Bedarfsausweis, V: 93kW h/(m&sup2a), Gas, Baujahr 1900, Energieeffizienzklasse A', 'Mehrfamilienhaus', '2. OG', 'möbliert', 'Eigene Küche', 'Badewanne, Dusche', 'Kabel', 'Dielen, Fliesen', 'Ökostrom', 'Gasheizung', 'gute Parkmöglichkeiten', '3 Minuten zu Fuß entfernt', 'Waschmaschine, Spülmaschine, Keller, Dachboden, Fahrradkeller']","Objektbeschreibung 
Pauschal(WARM)miete incl. aller Nebenkosten wie WiFi, Heizung, Strom... 
Das exklusive 4-Sterne Apartment mit 75 qm verfügt über ein Doppelbett, einem Schlafsofa, Kleider-/ Wäscheschrank, Bügeleisen, Bügelbrett,  Wäscheständer, einem großen Flachbild.TV , Staubsauger und weitere Einrichtungsgegenstände. 
 
All-inclusive rent including all additional costs, including WiFi, heating, electricity ... 
The exclusive 4-star apartment with 75 sqm has a double bed, a sofa bed, wardrobe / linen closet, iron, ironing board, drying rack, a large flat screen TV, vacuum cleaner and other furnishings. 
 
Loyer tout compris comprenant tous les frais supplémentaires, y compris le WiFi, le chauffage, l'électricité ... 
L'appartement 4 étoiles exclusif de 75 m² dispose d'un lit double, d'un canapé-lit, d'une armoire / penderie, d'un fer et d'une planche à repasser, d'un séchoir, d'une grande télévision à écran plat, d'un aspirateur et d'autres meubles. 
 
Ausstattung 
Das Apartment mit einer modernen, neuen Einrichtung verfügt über eine vollausgestattene Einbauküche mit Geschirrspüler, Kühl-Gefrierschrank, Herd mit Backofen und Absauganlage, Kaffemaschine, Toaster, Wasserkocher, Geschirr, W-LAN. 
Bettwäsche und Handtücher gehören zur Grundausstattung. 
Großes Badezimmer mit Wannendusche, Spiegelschrank, weitere Wandregale, Fön und eine Waschmaschine. 
 
The apartment with a modern, new facility has a fully equipped kitchen with dishwasher, fridge-freezer, stove with oven and suction system, coffee machine, toaster, kettle, dishes. 
Bed linen and WiFi are also free of charge. 
Large bathroom with tub shower, mirror cabinet, further wall shelves, hair dryer and a washing machine. 
 
L'appartement avec une nouvelle installation moderne dispose d'une cuisine entièrement équipée avec lave-vaisselle, réfrigérateur-congélateur, cuisinière avec four et système d'aspiration, machine à café, grille-pain, bouilloire, vaisselle. 
Le linge de lit et la connexion Wi-Fi sont également gratuits. 
Grande salle de bain avec douche baignoire, armoire miroir, autres étagères murales, sèche-cheveux et lave-linge. 
 
Lage 
Zentrale Lage, fußläufig 20 Minuten zum Berliner Hauptbahnhof. Ein paar Meter weiter der Reichstag, Brandenburger Tor... 
Bushaltestellen in ca. 50 Metern. 
 
Central location, a 20-minute walk to Berlin Central Station. A few meters further the Reichstag, Brandenburg Gate ... 
Bus stops in about 50 meters. 
 
Emplacement central, à 20 minutes à pied de la gare centrale de Berlin. Quelques mètres plus loin le Reichstag, la porte de Brandebourg ... 
Le bus s'arrête à environ 50 mètres. 
 
Sonstiges 
Das Haus verfügt über eine angenehme Mieterstruktur. 
Sie werden sich wohlfühlen, versprochen :) 
 
The house has a pleasant tenant structure. 
You will feel good, I promise :) 
 
La maison a une structure de locataire agréable. 
Vous vous sentirez bien, je vous le promets :) 
 
E-Mail:",,,31.12.2020,
10,Schöne 3-Zimmer-Wohnung in Berlin Mitte,https://img.wg-gesucht.de/media/up/2020/18/8a3369edcc02be01a78ef7421881eea07bf1f0d0fa85695b02364a26f3cc79bb_04AAEDCB_2FA9_4897_A452_022844DEDDFD.sized.jpeg,https://www.wg-gesucht.de/wohnungen-in-Berlin-Mitte.7983760.html,75.0,1500.0,3.0,1100.0,400.0,n.a.,3000.0,,"Singerstraße 113, 10179 Berlin Mitte",31.05.2020,2 Stunden,"['WG geeignet', 'Mehrfamilienhaus', 'EG', 'möbliert', 'Eigene Küche', 'Dusche', 'Satellit', 'Parkett', 'Zentralheizung', 'gute Parkmöglichkeiten', '6 Minuten zu Fuß entfernt', 'Waschmaschine, Spülmaschine, Balkon, Keller']","Es handelt sich um eine sehr schöne und moderne, vollmöblierte 3-Zimmer-Wohnung. Sie verfügt über eine vollausgestattete Küche, 2 Schlafzimmer, 1 Wohnzimmer und 1 Balkon. Die Wohnung ist mit schnellem WLAN-Internet und mit Internet-TV ausgestattet.","Die Wohnung befindet sich in einer sehr grünen Anlage mitten im Berliner Zentrum. Bis zum Alexanderplatz sind es lediglich 7 Minuten zu Fuß. Vom Balkon aus, sieht man den Fernsehturm. In der unmittelbar Umgebung sind zahlreiche Kindergärten und Schulen vorhanden. Die Wohnung ist sehr gut mit dem ÖPNV angebunden.",Nicht-Raucher-Wohnung! Tiere sind nicht erlaubt!,01.07.2022,
11,Two rooms flat with balcony in the quiet neighborhood of Suarezstrasse,https://img.wg-gesucht.de/media/up/2016/38/6a61f61658012790_426433_198071003631532_155194595_n.sized.jpg,https://www.wg-gesucht.de/wohnungen-in-Berlin-Charlottenburg.5801279.html,53.0,1230.0,2.0,820.0,230.0,180.0,2260.0,,"Suarezstrasse, 14057 Berlin Charlottenburg",22.06.2020,2 Stunden,"['WG geeignet', 'Mehrfamilienhaus', 'Hochparterre', 'möbliert', 'Eigene Küche', 'Dusche', 'Kabel', 'Parkett, Fliesen', 'Zentralheizung', 'Bewohnerparken', '10 Minuten zu Fuß entfernt', 'Waschmaschine, Balkon, Fahrradkeller']","53 sqm one bedroom apartment, located on an elevated ground floor. The living room opens to a small balcony facing a quiet street. The apartment is located in Suarezstrasse, known for its many antique shops. 
  
In the bedroom: double bed (160x200), desk, wardrobe and TV 
Living room: sofa (pullout double bed),couch, coffee table, wooden(Teak) commode, TV, dining table. 
A small balcony facing a beautiful street. 
Window shutters in both rooms (you can make both rooms completely dark).  
Blankets and pillows are available too   
Bathroom with shower and WC. 
Equipped kitchen with complete kitchenware, induction stove, fridge, washing machine, microwave, kettle, toaster and coffee-machine. High bar with chairs for breakfast. 
 
The apartment is ideal for a couple, but if there are two flatmates who want to share it, this can be done too.","The apartment is about 5 min walk to bus M49 (at the corner of Kuno-Fischer-Strasse with Neue Kantstrasse), this bus goes to Zoological Garten. It's a short walk to Berlin Messe and to the The Lietzensee (inner-city lake). 
 
About 10 min walk to U2 Sophie-Charoltte-Platz, and to S Bahn Charlottenburg station. There are two  
supermarkets in the immediate neighbourhood: Rewe and Lidl, lots of bakeries, cafes and restaurants.","This apartment is ideal for a couple or a small family who is looking for a furnished apartment which is located in the beautiful Suarezstrasse, but can also be shared by two people. 
 
Monthly rent: €1230 (for 2 people) including everything: house expenses, heating, water, electricity and internet. (everything except for cleaning). 
 
Minimum stay: 6 months 
 
For rental contract we need: copy of passport, work contract or registration for studies.",30.06.2021,
12,Nett möblierte 2-Zimmer-Wohnung - WiFi - unbefristet - Wohnung 6,https://img.wg-gesucht.de/media/up/2020/21/e20949c83a2937b8503803b9b5d0a8e3ddd946e8280bc3aa30c832387f50f788_2020_05_22_grosses_Zimmer.sized.jpg,https://www.wg-gesucht.de/wohnungen-in-Berlin-Pankow.7927183.html,47.0,1090.0,2.0,890.0,200.0,0.0,2180.0,,"Garibaldistr. 41, 13158 Berlin Pankow",31.05.2020,2 Stunden,"['Ab dem 1. Mai 2014 ist die neue Energieeinsparverordnung (EnEV 2014) rechtswirksam. Immobilieninserate müssen seitdem zusätzliche Angaben zu energetischen Eigenschaften enthalten. Liegt noch kein Energieausweis vor, entfällt die Pflicht. Für denkmalgeschützte Häuser und Gebäude mit weniger als 50 Quadratmetern Nutzfläche ist kein Energieausweis nötig.', 'Bedarfsausweis, V: 40kW h/(m&sup2a), Gas, Baujahr 1880, Energieeffizienzklasse A', 'WG geeignet', 'sanierter Altbau', '1. OG', 'möbliert', 'Eigene Küche', 'Dusche', 'Kabel', 'Laminat, Fliesen', 'Ökostrom', 'Zentralheizung', 'gute Parkmöglichkeiten', '2 Minuten zu Fuß entfernt', 'Waschmaschine, Spülmaschine']","Please read for the English version below. 
 
Das Gebäude wurde gerade renoviert!  
Super schöne helle Wohnung  ruhig, modern, vollständig ausgestattet. Kommen und gleich Wohnen! 
Nebenkosten inklusive Strom, Kabel-TV, schnelles Internet  und WLAN . 
Die Wohnung ist ausgestattet mit Schränken,  Betten, Schreibtisch, Stühlen, Kissen, Decken, Lampen .... 
Küche: moderne Einbauküche mit Schränken, Kühlschrank, Geschirrspüler, Cerankochfeld, Dunstabzug,  Spüle, Esstisch mit Stühlen, kleine Couch 
Korridor: Garderobe, Spiegel, Schrank 
Bad: mit Dusche, WC, Waschmaschine und Trockner 
Sonstiges:  WLAN, Fernsehgerät, Staubsauger, Bügeleisen, Bügelbrett, Fön, Geschirr für 6 Personen, Pfanne, Kochtöpfe, Müllsammler 
Weitere Ausstattung: Handtücher groß und klein, Bettwäsche auf Wunsch 
Mietzeit unbegrenzt, aber mindestens 6 Monate. 
 
We just finished reconstruction of this house. 
Super nice modern apartment is in a quiet place and is completely furnished. You can immediately start living here. 
The price includes electricity, Kabel-TV, WiFi. 
 
The apartment has a wardrobe, beds, desks and chairs, lamps, pillows and blankets … 
Kitchen: equipped kitchen with refrigerator, cupboards, shelves, ceramic hob, extractor, dishwasher, sink, dining table and chairs; 
Corridor: wardrobe and mirror 
And: Wi-Fi, TV, vacuum cleaner, iron, ironing board, hairdryer, crockery for 6 people, pan, cooking pots, garbage collector, towels big and small, sheets on request 
Bath with a shower and washing dryer. 
You can rent this flat for 6 months or longer.","Please read for the English version below. 
 
Lage: sehr ruhig, ein Park ist gegenüber, eine Bushaltestelle 3 Minuten entfernt. 
S-Bahn Anbindung über S1 und S26. 
S-Bahnhof ""Wilhelsruh"" zu Fuß in 7 Minuten zu erreichen.  
 
The location is in a quite place with a public park on the other side of the street. 
S-Bahn connection with S1 and S26. Station ""Wilhelmsruh"" is within 7 minutes walking distance. 
A bus station is within 3 minutes walking around the corner.","Bitte einen Besichtigungstermin vereinbaren! 
Wir freuen uns auf Ihr Interesse! 
 - In der Miete sind enthalten: alle Betriebs- und Heizkosten, Strom, Gas und Internet - Mindestmietdauer: 6 Monate - Rauchen: Nicht erlaubt - Haustiere: Nicht erlaubt - Anmeldung möglich 
 
 - rent includes all bills like heating, electricity and Internet - least rental time is 6 months - NO smoking - NO pets - registration ""Anmeldung"" possible",,
13,A single apartment in Steglitz (for short period),https://img.wg-gesucht.de/media/up/2019/29/833976543210e6ee7a98baa9f614b4063eff80c91b568b5a63267f52070e5503_55776270_2045111078938643_3045300248596447232_n.sized.jpg,https://www.wg-gesucht.de/wohnungen-in-Berlin-Steglitz.7453024.html,38.0,700.0,1.0,,n.a.,n.a.,,,"Altmark, 12157 Berlin Steglitz",01.06.2020,2 Stunden,"['WG geeignet', 'möbliert']","Hi, 
From the 1st of June until the 29 of June  
I want to rent my apartment in Steglitz.  
It's 38 sqm and it has a balcony, my apartment is located in a very nice part of Berlin and it is easy to access to the center and TU Berlin and Frei university.  
Rent is 700 Euro and everything is included.  
and also close to Frei University and also TU Berlin university",,,,700.0
14,Cosy furnished apartment in the Center of Berlin (Alexanderplatz),https://img.wg-gesucht.de/media/up/2018/44/8017a2d0f5f49fab1d722f3186c65191a2eab0a9ce6cd3e78385434dd51eb2db_DSC_0719.sized.JPG,https://www.wg-gesucht.de/wohnungen-in-Berlin-Mitte.5040047.html,55.0,950.0,2.0,740.0,210.0,n.a.,1500.0,,"HoltzmarktStr. 73, 10179 Berlin Mitte",01.08.2020,2 Stunden,"['Ab dem 1. Mai 2014 ist die neue Energieeinsparverordnung (EnEV 2014) rechtswirksam. Immobilieninserate müssen seitdem zusätzliche Angaben zu energetischen Eigenschaften enthalten. Liegt noch kein Energieausweis vor, entfällt die Pflicht. Für denkmalgeschützte Häuser und Gebäude mit weniger als 50 Quadratmetern Nutzfläche ist kein Energieausweis nötig.', 'Bedarfsausweis, V: 92kW h/(m&sup2a), Fernwärme, Baujahr 1971, Energieeffizienzklasse A', 'Barrierefrei', 'sanierter Altbau', 'höher als 5. OG', 'möbliert', 'Eigene Küche', 'Dusche, Gäste WC', 'Kabel', 'Parkett, Fliesen', 'Zentralheizung', 'Bewohnerparken', '1 Minute zu Fuß entfernt', 'Waschmaschine, Fahrradkeller, Aufzug']","Beautiful furnished apartment in the center of Berlin (Alexanderplatz). 
 
The apartment is located in Berlin Mitte (central Berlin) near AlexanderPlatz (500 m). It is just in front of the JannowitzBrücke S-Bahn/U-Bahn Station (less than 100m). It gives an easy access to all parts of the city and to the airport. 
The apartment is in a secure building (Lobby with security staff). 
 
It consists of 1 bedroom, 1 living / dining room and 1 kitchen. Total area 55 m2.  
It was completely renovated in 2017 and furnished with modern/quality products (Leather sofas, ...). It is fully equipped (Washmachine, Induction Hob, Microwave, LCD TV, HiFi, ...) and obviously it includes the linens and towels. You don't have to buy or carry anything. 
An High Speed internet connection is also available (Wifi + Ethernet). 
  
Its orientation makes it very bright and it does not have any overlooking. In addition, there is a breathtaking view (panoramic) over Berlin (TV Tower, City Hall, Dom, ...).  
 
Nearby (less than 300m) are food stores (LIDL, Netto ...) and restaurants. It is also very close from the large shopping Mall ALEXA (300 m).  
 
The rent (kaltmiete) is 500€/Month (including internet, cable TV, heating). The hausgeld is 210€/Month and 240€/Month for the furnitures (+ all equipements, TV, linens, …). 
There are no agency fees as this property is directly rented by the owner. 
 
The minimum rent duration is 12 months.","This apartment is located in the district of Berlin Mitte. 
 
Fantastic panoramic view over Berlin from the apartment. 
 
A few walking distances: - S/U-Bahn JannowitzBrücke: 100m. (1min) - AlexanderPlatz: 500m (5 min) - Alexa Shopping Mall; 250m (3 min) - Humbolt University: 1500m (15 min) - Unter Den Linden Ave: 1500m (15 min) - Lidl: 200m (2 min) - Netto: 100m (1 min)",,,
15,1 Zimmerwohnung in Berlin-Wilmersdorf,https://img.wg-gesucht.de/media/up/2019/13/6ee3f8f2c4e89a194656d936763214079f629bb1646e5ede7b042b781f0fd9f6_155440209049049073625.sized.JPEG,https://www.wg-gesucht.de/wohnungen-in-Berlin-Charlottenburg-Wilmersdorf.7238537.html,39.0,1200.0,1.0,1000.0,200.0,0.0,1200.0,0.0,"Spichernstr.9, 10777 Berlin Charlottenburg-Wilmersdorf",01.08.2020,2 Stunden,"['Ab dem 1. Mai 2014 ist die neue Energieeinsparverordnung (EnEV 2014) rechtswirksam. Immobilieninserate müssen seitdem zusätzliche Angaben zu energetischen Eigenschaften enthalten. Liegt noch kein Energieausweis vor, entfällt die Pflicht. Für denkmalgeschützte Häuser und Gebäude mit weniger als 50 Quadratmetern Nutzfläche ist kein Energieausweis nötig.', 'Verbrauchsausweis, V: 55kW h/(m&sup2a), Fernwärme, Baujahr 2016, Energieeffizienzklasse A+', 'Barrierefrei', 'Neubau', '4. OG', 'möbliert', 'Eigene Küche', 'Badewanne, Dusche', 'Kabel', 'Parkett, Fußbodenheizung', 'Zentralheizung', 'Bewohnerparken', '1 Minute zu Fuß entfernt', 'Waschmaschine, Spülmaschine, Keller, Fahrradkeller, Aufzug']","This new furnished apartment is located in the heart of Berlin, in a prime location Willmersdorfer neighborhood, close to the Kurfürstendamm and the beautiful Viktoria-Luise-Platz. The area offers a number of bars, restaurants and cafes as well as a living offering for the evening. Through the many subway lines and buses, the whole city is easy to explore. The KaDeWe, Kurfürstendamm, Gedächnisskirche can be reached to foot in 8 min minutes. 
The bright apartment is located on the fourth floor and is easily accessible by elevator.  
The living room has a comfortable double bed, a folding bed, sofa, flat screen TV and a work desk. The kitchen is equipped with everything needed and the bathroom with tub provides time to relax after a long day. 
Size: 38m ² 
Rooms: 1 living / bedroom, kitchenette, bathroom and balcony 
Household appliances: fridge-freezer, microwave, coffee maker, kettle, induction cooker, vacuum cleaner, flat-screen TV, free charge WLAN, washmashin 
Adress: Spichernstrasse 9,10719 Berlin  
U9/U3 Spichernstr. 30m  
Security deposit - 1200 € 
On the day of key collection, the first and last rent are to be paid. 
 
 
 
Zu vermieten steht eine neue 1-Zimmerwohnung mit bequemem Doppelbett und Klappcouch. Einbauküche: Kühlschrank, Waschmaschine, Induktionskochfeld und Mikrowelle, Kaffeemaschine, Toaster, Geschirr und Besteck. Badezimmer mit Badewanne, Abstellraum, Klingel mit Türöffner. Ein paar Minuten zu Fuß vom berühmten Kaufhaus KaDeWe und dem Kürfürstendamm. Die U-Bahn-Stationen Spichernstraße U3 / U9 (Entfernung 30m) und die Buslinie 204 bieten gute Verbindungen. 
 
Kaution 1200 € 
Am Einziehungstag soll erste und die letzte Miete bezahlt werden. 
In der Monatsmiete sind folgende Kosten enthalten: Strom, Heizung, Wasser, Müllabfuhr, DSL 
Endenergieverbrauch: 55 kWh / m²a 
 
Verkehrsanbindungen: 
U-Bhf. 3,9 und Bushaltestelle 204 unmittelbar vor dem Haus. 
8 Minuten Gehminuten bis zum U-/S-Bhf. Zoologischer Garten. 
In direkter Umgebung finden Sie ein breites 
kulinarisches Angebot und zahlreiche Cafés, Restaurants, Bars, 
Discos. Supermärkte wie Lidl, Aldi, Edeka. sind auch daneben.","Die Wohnung befindet sich in Berlin-West und in der Nähe von Kudamm. Buslinie  204 und U-Bahn Spichernstr. U9 / U3 liegt vor der Hauseingangstür. Bäckerei, Cafe und Restaurants sind fußläufig auch 2 große Lebensmittel Geschäften sind daneben.",,01.02.2021,
16,Schöne 2 Zimmerwohnung in Kreuzkölln,https://img.wg-gesucht.de/media/up/2010/40/49fbc02523647221_002.sized.jpg,https://www.wg-gesucht.de/wohnungen-in-Berlin-Neukoelln.2364722.html,74.0,400.0,2.0,400.0,0.0,0.0,600.0,,"Weserstr., 12045 Berlin Neukölln",22.06.2020,3 Stunden,"['sanierter Altbau', '2. OG', 'möbliert', 'Badewanne', 'Dielen', 'Zentralheizung', 'gute Parkmöglichkeiten', '5 Minuten zu Fuß entfernt', 'Balkon, Keller']","Da ich vom 22.06. bis zum 02.07.2020 nicht in Berlin sein werde, vermiete ich für diesen Zeitraum meine hübsche, großzügige 2 Zimmerwohnung (74qm). 
 
Sie besteht aus einem Schlafzimmer mit Schreibtisch, einem Wohnzimmer mit 2 Couches, einer gut ausgestatteten Küche, einem Bad mit Badewanne und einem kleinen gemütlichen Balkon.  
Sie befindet sich in der Weserstrasse und ist somit zwei Minuten vom Neuköllner Szenenleben mit seinen günstigen Einkaufsmöglichkeiten entfernt. Das Ufer ist in 2 Minuten zu erreichen und zur U Bahn Station Rathaus Neukölln sind es 5 Minuten zu Fuß.  
  
 
Ich vermiete die Wohnung für 400 € an eine EINZELPERSON (SINGLE PERSON). Darin sind ALLE Kosten für den gesamten Zeitraum enthalten!! 
 
Die Kaution beträgt 600 €. 
 
 
Ich suche jemanden, der die Wohnung zu schätzen weiß und sie sorgsam behandelt. 
 
 
Bei Rückfragen und Interesse schreibt bitte gerne eine Mail!",,,02.07.2020,
17,Checkpo.Charlie: luxury altbau 3-r.-apt. with 2 bathrooms and balcony,https://img.wg-gesucht.de/media/up/2019/20/0a192e1b64c37821d931f98ecb856c61a6c6a031613b489afcaf9e8f272a7f95_Esszimmer__3_.sized.JPG,https://www.wg-gesucht.de/wohnungen-in-Berlin-Mitte.7178710.html,73.0,1500.0,3.0,1000.0,500.0,n.a.,2400.0,,"Zimmerstr 12, 10969 Berlin Mitte",01.06.2020,2 Stunden,"['Ab dem 1. Mai 2014 ist die neue Energieeinsparverordnung (EnEV 2014) rechtswirksam. Immobilieninserate müssen seitdem zusätzliche Angaben zu energetischen Eigenschaften enthalten. Liegt noch kein Energieausweis vor, entfällt die Pflicht. Für denkmalgeschützte Häuser und Gebäude mit weniger als 50 Quadratmetern Nutzfläche ist kein Energieausweis nötig.', 'Bedarfsausweis, Baujahr 1900', 'WG geeignet', 'Mehrfamilienhaus', '3. OG', 'möbliert', 'Dusche, Gäste WC', 'Kabel', 'Parkett, Dielen', 'Bewohnerparken', '1 Minute zu Fuß entfernt', 'Waschmaschine, Spülmaschine, Balkon, Gartenmitbenutzung, Keller, Fahrradkeller, Aufzug']","Fully equipped apartment, elegantly furnished 73 sqm, very centrally located close to Checkpoint Charlie. 
 
This charming ALTBAU apartment has been decorated with an eye for design, primarily in black/white/grey but with splashes of pink colour and interesting features like the custom-made sofa in the large dining/office room, surrounded by a victorian bow-window facing the lively Zimmerstrasse. The spacious living room with 3 couches can be easily turned into a second indipendent bedroom. Further advantages are a balcony facing a quite courtyard and 2 bathrooms, one even displaying a bidet (rare in Germany). 
 
The modern kitchen is entirely black and fully equipped, including all cooking and eating utensils + washing machine, dishwasher, oven, microwave, toaster, kettle, coffee machine and a few other useful appliances. Next to it a beautiful unique room, which can be used to work, to relax or to host up to 8 dining companions in a slightly-oversized wooden table.   
 
The large bedroom is cosy and displays: comfortable double bed, bed tables, cupboard, desk with chair, spacey wardrobe, blinding curtains, private bathroom with bidet, balcony.","This beautiful apartment lies in the heart of Berlin in the vibrant popular district of Mitte, within walking distance to all major tourist destinations but also to art galleries, shops, restaurants, clubs and bars. 
The neighborhood is quiet at night, being the area close to  Checkpoint Charlie mostly populated during the day. 
 
Closest metro station: U6 Kochstraße/Checkpoint Charlie 
Potsdamer Platz is also easy reachable on foot. 
Closest bus stop: M29","Floor area: 73 m² 
Floor: 3rd 
Elevator: yes, with panoramic window facing the courtyard. 
Wi-Fi: flatrate and reliable (assistance from the landlord is assured in case of malfunctions) 
Maximum occupancy: 3 people 
 
No pets allowed. 
Smoking allowed only in the balcony. 
Children only upon agreement. 
Lease contract in german and english. 
Anmeldung possible. 
Bedlinens and towels provided upon request. 
 
Monthly rent: 1500,- € 
Security deposit: 2400,- € 
Final cleaning: 100,- €",31.05.2021,
18,"Beautiful apartment on Maybachufer with two cats, 01.06.-08.08.2020",https://img.wg-gesucht.de/media/up/2017/23/dccd9f8061557020_p1060419.sized.jpeg,https://www.wg-gesucht.de/wohnungen-in-Berlin-Neukoelln.6155702.html,96.0,1300.0,2.0,1300.0,0.0,0.0,500.0,0.0,"Maybachufer, 12047 Berlin Neukölln",01.07.2020,2 Stunden,"['WG geeignet', 'Altbau', '3. OG', 'möbliert', 'Badewanne', 'Parkett, Dielen, Fliesen', 'gute Parkmöglichkeiten', '4 Minuten zu Fuß entfernt', 'Waschmaschine, Balkon']","We are offering our home to sombody who would like to well take care of it and of our two friendly cats during the time of our absence. 
This apartment has everything you need for a pleasant stay and has on top of that a beautiful and lively neighborhood! 
With much love we created this apartment over years and therefore would like to find somebody who is quiet and treats it with respect. Therefore we hope you understand that there are no parties or get-togethers allowed! 
The neighbors are all very nice and respectful. 
There is a small bedroom and a large living room with an extra bed, a desk and a couch ( shown in the picture), a big hallway, a kitchen and a bathroom. 
The canal is eccelent for walks or for runners, also a nice spot to relax! 
Don't hesitate to contact us for eventual questions!","The apartment is located on Maybachufer very close from the famous ""Oriental Maybachufer Market""! 
The area is very green and lively but very calm at the same time! 
The Maybachufer is in Neukölln but actually in the center of Berlin!","There are all kinds of cafés, restaurants, grocery stores in the neighborhood, other stores as well as play grounds for kids. 
The subway station is 3-4 minutes away from the apartment! %stops to Alexanderplatz! 
Good parking possibilities! 
The rent is 1200 Euros/month and 1400 Euros for the whole period of time.",08.08.2020,
19,"3 Zimmer-Altbauwohnung,  2 Balkone im Grünen",https://img.wg-gesucht.de/media/up/2019/37/f23bc41edab8a61b517e1d21aa35d49fe05f255ee7d1d6c642e3c92239651d78_IMG_1776.sized.JPG,https://www.wg-gesucht.de/wohnungen-in-Berlin-MITTE.7594536.html,90.0,1385.0,3.0,1100.0,285.0,n.a.,,,"Nordufer, 13353 Berlin MITTE",01.07.2020,2 Stunden,"['Ab dem 1. Mai 2014 ist die neue Energieeinsparverordnung (EnEV 2014) rechtswirksam. Immobilieninserate müssen seitdem zusätzliche Angaben zu energetischen Eigenschaften enthalten. Liegt noch kein Energieausweis vor, entfällt die Pflicht. Für denkmalgeschützte Häuser und Gebäude mit weniger als 50 Quadratmetern Nutzfläche ist kein Energieausweis nötig.', 'Bedarfsausweis, Baujahr 1895', 'Altbau', '3. OG', 'möbliert, teilmöbliert', 'Dusche', 'Parkett, Dielen', 'Ökostrom', 'Bewohnerparken', '4 Minuten zu Fuß entfernt', 'Waschmaschine, Balkon']","BITTE BEACHTEN ! 
 
Nur Einzelperson oder ruhiges Paar: 
 
Helle, ruhige und großzügige  
3-Zimmer Altbauwohnung in seltener 
Grünlage am Wasser in Berlin- Mitte. 
 
Dritte Étage mit  
zwei Balkonen/ Loggia  
in Südwest-Ausrichtung. 
Morgensonne in Bad und Küche, 
 
Hohe Decken,, Eichentafel-Parkett,  Dielen, schöner Stuck. 
Großzügige lichte Altbauzimmer mit Erker am Park und an der Spree, 
Weitblick auf Bäume und Wasser, Parkartige Lage am Flussufer. 
 
Keine Email, bitte anrufen für Détails. 
NICHTRAUCHER.",,,,
